Ort;Name;Kurzbeschreibung;Beschreibung;Stamm;Stand des Austauschs;Kontakt;Bild;Icon
West Sussex, United Kingdom;Merrick (Explorer Scout Leader);Stammespartnerschaft;"""...a Scout Group and Explorer Unit form Bognor Regis, the county of West Sussex, UK…""";Mammut, Baden-Würtemberg;reger Kontakt;kontakt@email.de;;https://www.pfa.de/wp-content/uploads/2017/11/category_international.png
"Kostanaj,
Kasachstan";Stamm Poljus;Stammespartnerschaft;;Stainadler, Hessen;1x pro Jahr;kontakt@email.de;;https://www.pfa.de/wp-content/uploads/2017/11/category_international.png
Sucre, Bolivien;Grupo Scouts Aleman;Stammespartnerschaft;;Normannen, BBB;1x pro Jahr;kontakt@email.de;;https://www.pfa.de/wp-content/uploads/2017/11/category_international.png
Chattanooga, USA;BSA Chattanooga;Stammespartnerschaft;;Horst Weiße Kohte Wolfsburg;1x pro Jahr;kontakt@email.de;;https://www.pfa.de/wp-content/uploads/2017/11/category_international.png
Ulan Bator, Mongolei;Mazaalai;Stammespartnerschaft;;Pegasus, Bayern;bis jetzt ein Treffen in der Mongolei, LaPfiLa 2015 hoffentlich eine Rückbegenung ;kontakt@email.de;;https://www.pfa.de/wp-content/uploads/2017/11/category_international.png
Déćín, Tschechien;Junák;Stammespartnerschaft;;Leviatan, Nds;Bis jetzt erst einmaliges Treffr ;kontakt@email.de;;https://www.pfa.de/wp-content/uploads/2017/11/category_international.png
Polen;Stamm Krzyz;Stammespartnerschaft;;Kelten, Bayern;Weniger als 1x im Jahr;kontakt@email.de;;https://www.pfa.de/wp-content/uploads/2017/11/category_international.png
Danderyd/Stockholm, Schweden;Danderyds Sjöscoutkår;Stammespartnerschaft;;Voortrekker, NDS;unregelmäßig, Bisher erst einen Besuch und ein Gegenbesuch;kontakt@email.de;;https://www.pfa.de/wp-content/uploads/2017/11/category_international.png
